{
    "name": "MAX30100",
    "keywords": "",
    "description": "This Library supports the MAX30100 Pulse Oximetry IC",
    "authors":
    {
        "name": "Kontakr",
        "email": "chuffine@gmail.com",
        "url": "https://github.com/kontakr/",
	"maintainer": true
    },
    "repository":
    {
        "type": "git",
        "url": "https://github.com/kontakt/MAX30100"
    },
    "version": "1.0.0",
    "frameworks": "arduino",
    "platforms": 
    [
        "atmelavr",
        "teensy",
        "atmelsam"
    ]
}